{"cameraMode":{"drawMode":0,"name":"Shaded","section":"Shading Mode"},"sceneLighting":true,"audioPlay":false,"sceneViewState":{"showFog":true,"showMaterialUpdate":true,"showSkybox":true,"showFlares":true,"showImageEffects":true,"showParticleSystems":true},"in2DMode":false,"pivot":{"x":10.290877342224121,"y":-2.9025917053222658,"z":-10.524028778076172},"rotation":{"x":0.13829019665718079,"y":0.7428140044212341,"z":-0.16183309257030488,"w":0.6347545981407166},"size":24.120105743408204,"orthographic":false}