{"cameraMode":{"drawMode":0,"name":"Shaded","section":"Shading Mode"},"sceneLighting":true,"audioPlay":false,"sceneViewState":{"showFog":true,"showMaterialUpdate":true,"showSkybox":true,"showFlares":true,"showImageEffects":true,"showParticleSystems":true},"in2DMode":false,"pivot":{"x":11.429132461547852,"y":-1.8112764358520508,"z":9.220049858093262},"rotation":{"x":0.137809619307518,"y":0.4220942556858063,"z":-0.06509225815534592,"w":0.8936487436294556},"size":25.256654739379884,"orthographic":false}